id;first_name;last_name;title;phone;email;street;city;country;position;employed_from;image
1;Pascale;Schamberger;excluding promptly;867.432.9265 x784;Iva28@hotmail.com;Church Close;Conroytown;Saint Pierre and Miquelon;mainstream;2025-03-09;opposite miserable
2;Ryder;Gutmann-Zboncak;fond seldom;1-316-922-7334 x14066;Nyasia.Kris-Tromp@yahoo.com;Lilla Junction;Metzberg;Cape Verde;pleased tankful;2025-03-09;large lest
3;Abbey;Botsford;during;707-240-0714;Daisy_Kuphal26@gmail.com;A Street;Nadershire;Democratic Republic of the Congo;gah;2025-03-09;wherever
4;Ines;Torp;where;878.973.0731 x908;Axel68@gmail.com;Howard Corners;North Marietta;Nepal;minus oh;2025-03-08;oh
5;Hayley;Zieme;slowly coliseum sore;1-748-558-8871 x866;Vladimir_Lockman@gmail.com;Broadway;Eileencester;Kiribati;disappointment whole amongst;2025-03-09;gestate sate duffel
6;Billy;Farrell;drat unwieldy despite;1-831-742-0969;Roel60@yahoo.com;Hoeger Orchard;Kayleefurt;United States of America;provided deed fruitful;2025-03-09;oof quarrel however
7;Triston;Swaniawski;pish neatly gah;1-542-805-0716 x69251;Estelle_Connelly@gmail.com;Una Inlet;New Agnesport;Namibia;before gosh;2025-03-09;how duster ack
8;Alfreda;Moore;see futon as;244.686.9228 x10895;Layne.Okuneva48@yahoo.com;McDermott Road;Lake Calista;Costa Rica;who;2025-03-08;wallop
9;Gisselle;Abbott;above;649-748-3343 x43719;Cory85@gmail.com;Wyman Ways;Connorbury;Grenada;exactly collaboration oh;2025-03-08;valley
10;Neha;Gutkowski;mmm;605-822-5856;Diego_Hintz51@gmail.com;The Drive;Fort Billie;Saint Pierre and Miquelon;insolence indeed blossom;2025-03-09;vanadyl overtrain
